username,reviews
populusjade,keke
keke,Nmodjrian
Nmodjrian,mahrtinh
mahrtinh,Khashayarfard
Khashayarfard,Dax-Sen
Dax-Sen,gmatosferreira
gmatosferreira,elisejalonen
elisejalonen,Helena-Gartmeier
Helena-Gartmeier,Caroline7777
Caroline7777,yuetine
yuetine,gfrancopanades
gfrancopanades,junrenwang417
junrenwang417,isabellawa533
isabellawa533,Ddd980824
Ddd980824,santiagoaom
santiagoaom,YuhanJiang415
YuhanJiang415,karencrv
karencrl,populusjade
athanasiaK,ge56caf
ge56caf,harisfateh
harisfateh,zzzypl
zzzypl,athanasiaK
